,Name
0,A
1,AAL
2,AAP
3,AAPL
4,ABBV
5,ABC
6,ABT
7,ACN
8,ADBE
9,ADI
10,ADM
11,ADP
12,ADS
13,ADSK
14,AEE
15,AEP
16,AES
17,AET
18,AFL
19,AGN
20,AIG
21,AIV
22,AIZ
23,AJG
24,AKAM
25,ALB
26,ALGN
27,ALK
28,ALL
29,ALLE
30,ALXN
31,AMAT
32,AMD
33,AME
34,AMG
35,AMGN
36,AMP
37,AMZN
38,ANDV
39,ANSS
40,ANTM
41,AON
42,AOS
43,APA
44,APC
45,APD
46,APH
47,ARE
48,ARNC
49,ATVI
50,AVB
51,AVGO
52,AVY
53,AWK
54,AXP
55,AYI
56,AZO
57,BA
58,BAC
59,BAX
60,BBT
61,BBY
62,BCR
63,BDX
64,BEN
65,BF.B
66,BHF
67,BHGE
68,BIIB
69,BK
70,BLK
71,BLL
72,BMY
73,BRK.B
74,BSX
75,BWA
76,BXP
77,C
78,CA
79,CAG
80,CAH
81,CAT
82,CB
83,CBG
84,CBOE
85,CBS
86,CCI
87,CCL
88,CELG
89,CERN
90,CF
91,CFG
92,CHD
93,CHK
94,CHRW
95,CHTR
96,CI
97,CINF
98,CL
99,CLX
100,CMA
101,CMCSA
102,CME
103,CMG
104,CMI
105,CMS
106,CNC
107,CNP
108,COF
109,COG
110,COH
111,COL
112,COO
113,COP
114,COST
115,COTY
116,CPB
117,CRM
118,CSCO
119,CSRA
120,CSX
121,CTAS
122,CTL
123,CTSH
124,CTXS
125,CVS
126,CVX
127,CXO
128,D
129,DAL
130,DD
131,DE
132,DFS
133,DG
134,DGX
135,DHI
136,DHR
137,DIS
138,DISCA
139,DISCK
140,DISH
141,DLPH
142,DLR
143,DLTR
144,DOV
145,DOW
146,DPS
147,DRE
148,DRI
149,DTE
150,DUK
151,DVA
152,DVN
153,DXC
154,EA
155,EBAY
156,ECL
157,ED
158,EFX
159,EIX
160,EL
161,EMN
162,EMR
163,EOG
164,EQIX
165,EQR
166,EQT
167,ES
168,ESRX
169,ESS
170,ETFC
171,ETN
172,ETR
173,EVHC
174,EW
175,EXC
176,EXPD
177,EXPE
178,EXR
179,F
180,FAST
181,FB
182,FBHS
183,FCX
184,FDX
185,FE
186,FFIV
187,FIS
188,FISV
189,FITB
190,FL
191,FLIR
192,FLR
193,FLS
194,FMC
195,FOX
196,FOXA
197,FRT
198,FTI
199,FTV
200,GD
201,GE
202,GGP
203,GILD
204,GIS
205,GLW
206,GM
207,GOOG
208,GOOGL
209,GPC
210,GPN
211,GPS
212,GRMN
213,GS
214,GT
215,GWW
216,HAL
217,HAS
218,HBAN
219,HBI
220,HCA
221,HCN
222,HCP
223,HD
224,HES
225,HIG
226,HLT
227,HOG
228,HOLX
229,HON
230,HP
231,HPE
232,HPQ
233,HRB
234,HRL
235,HRS
236,HSIC
237,HST
238,HSY
239,HUM
240,IBM
241,ICE
242,IDXX
243,IFF
244,ILMN
245,INCY
246,INFO
247,INTC
248,INTU
249,IP
250,IPG
251,IR
252,IRM
253,ISRG
254,IT
255,ITW
256,IVZ
257,JBHT
258,JCI
259,JEC
260,JNJ
261,JNPR
262,JPM
263,JWN
264,K
265,KEY
266,KHC
267,KIM
268,KLAC
269,KMB
270,KMI
271,KMX
272,KO
273,KORS
274,KR
275,KSS
276,KSU
277,L
278,LB
279,LEG
280,LEN
281,LH
282,LKQ
283,LLL
284,LLY
285,LNC
286,LNT
287,LOW
288,LRCX
289,LUK
290,LUV
291,LVLT
292,LYB
293,M
294,MA
295,MAA
296,MAC
297,MAR
298,MAS
299,MAT
300,MCD
301,MCHP
302,MCK
303,MCO
304,MDLZ
305,MDT
306,MET
307,MGM
308,MHK
309,MKC
310,MLM
311,MMC
312,MMM
313,MNST
314,MO
315,MON
316,MOS
317,MPC
318,MRK
319,MRO
320,MS
321,MSFT
322,MSI
323,MTB
324,MTD
325,MU
326,MYL
327,NAVI
328,NDAQ
329,NEE
330,NEM
331,NFLX
332,NFX
333,NI
334,NKE
335,NLSN
336,NOC
337,NOV
338,NRG
339,NSC
340,NTAP
341,NTRS
342,NUE
343,NVDA
344,NWS
345,NWSA
346,LMT
347,NBL
348,NWL
349,O
350,OKE
351,OMC
352,ORCL
353,ORLY
354,OXY
355,PAYX
356,PBCT
357,PCAR
358,PCG
359,PCLN
360,PDCO
361,PEG
362,PEP
363,PFE
364,PFG
365,PG
366,PGR
367,PH
368,PHM
369,PKG
370,PKI
371,PLD
372,PM
373,PNC
374,PNR
375,PNW
376,PPG
377,PPL
378,PRGO
379,PRU
380,PSA
381,PSX
382,PVH
383,PWR
384,PX
385,PXD
386,PYPL
387,QCOM
388,QRVO
389,RCL
390,RE
391,REG
392,REGN
393,RF
394,RHI
395,RHT
396,RJF
397,RL
398,RMD
399,ROK
400,ROP
401,ROST
402,RRC
403,RSG
404,RTN
405,SBUX
406,SCG
407,SCHW
408,SEE
409,SHW
410,SIG
411,SJM
412,SLB
413,SLG
414,SNA
415,SNI
416,SNPS
417,SO
418,SPG
419,SPGI
420,SPLS
421,SRCL
422,SRE
423,STI
424,STT
425,STX
426,STZ
427,SWK
428,SWKS
429,SYF
430,SYK
431,SYMC
432,SYY
433,T
434,TAP
435,TDG
436,TEL
437,TGT
438,TIF
439,TJX
440,TMK
441,TMO
442,TRIP
443,TROW
444,TRV
445,TSCO
446,TSN
447,TSS
448,TWX
449,TXN
450,TXT
451,UA
452,UAA
453,UAL
454,UDR
455,UHS
456,ULTA
457,UNH
458,UNM
459,UNP
460,UPS
461,URI
462,USB
463,UTX
464,V
465,VAR
466,VFC
467,VIAB
468,VLO
469,VMC
470,VNO
471,VRSK
472,VRSN
473,VRTX
474,VTR
475,VZ
476,WAT
477,WBA
478,WDC
479,WEC
480,WFC
481,WFM
482,WHR
483,WLTW
484,WM
485,WMB
486,WMT
487,WRK
488,WU
489,WY
490,WYN
491,WYNN
492,XEC
493,XEL
494,XL
495,XLNX
496,XOM
497,XRAY
498,XRX
499,XYL
500,YUM
501,ZBH
502,ZION
503,ZTS
